,atmospheric_pressure,dhi,dni,ghi,relative_humidity,temp_air,temp_dew,uCooCoiStg1,uCooCoiStg2,uCooCoiStg3,uCooCoiStg4,uCooCoiStg5,uEco1,uEco2,uEco3,uEco4,uEco5,uFan1,uFan2,uFan3,uFan4,uFan5,uHeaCoiStg1,uHeaCoiStg2,uHeaCoiStg3,uHeaCoiStg4,uHeaCoiStg5,yPow,yRooTem1,yRooTem2,yRooTem3,yRooTem4,yRooTem5,ySumEnergy
2021-01-02 00:00:00,99000.0,0.0,0.0,0.0,72.0,-1.7,-6.1,0.0,0.0,0.0,0.0,0.0,0.0,0.0,0.0,0.0,0.0,1.0,1.0,1.0,1.0,1.0,0.0,0.0,0.0,0.0,0.0,3188.775510204082,15.821187415553709,16.30326477362462,15.864721559999793,15.748018665508027,16.24084468051126,275510204.08163065
2021-01-02 00:05:00,99000.0,0.0,0.0,0.0,73.08333333333333,-1.8833333333333333,-6.1,,,,,,,,,,,,,,,,,,,,,,,,,,,
2021-01-02 00:10:00,99000.0,0.0,0.0,0.0,74.16666666666667,-2.0666666666666664,-6.1,,,,,,,,,,,,,,,,,,,,,,,,,,,
2021-01-02 00:15:00,99000.0,0.0,0.0,0.0,75.25,-2.25,-6.1,0.0,0.0,0.0,0.0,0.0,0.15,0.15,0.15,0.15,0.15,0.0,0.0,0.0,0.0,0.0,0.0,0.0,0.0,0.0,0.0,0.0,16.500693974040587,16.98186212176165,16.45525033780342,16.289141023296168,16.788455120192907,275510205.1501801
2021-01-02 00:20:00,99000.0,0.0,0.0,0.0,76.33333333333333,-2.4333333333333336,-6.1,,,,,,,,,,,,,,,,,,,,,,,,,,,
2021-01-02 00:25:00,99000.0,0.0,0.0,0.0,77.41666666666667,-2.6166666666666667,-6.1,,,,,,,,,,,,,,,,,,,,,,,,,,,
2021-01-02 00:30:00,99000.0,0.0,0.0,0.0,78.5,-2.8,-6.1,0.0,0.0,0.0,0.0,0.0,0.15,0.15,0.15,0.15,0.15,0.0,0.0,0.0,0.0,0.0,0.0,0.0,0.0,0.0,0.0,0.0,16.753368363230265,17.25794875262619,16.7108115458812,16.536189261358686,17.053349185245224,275510205.1501801
2021-01-02 00:35:00,99000.0,0.0,0.0,0.0,79.58333333333333,-2.9833333333333334,-6.1,,,,,,,,,,,,,,,,,,,,,,,,,,,
2021-01-02 00:40:00,99000.0,0.0,0.0,0.0,80.66666666666667,-3.166666666666667,-6.1,,,,,,,,,,,,,,,,,,,,,,,,,,,
2021-01-02 00:45:00,99000.0,0.0,0.0,0.0,81.75,-3.35,-6.1,0.0,0.0,0.0,0.0,0.0,0.15,0.15,0.15,0.15,0.15,0.0,0.0,0.0,0.0,0.0,0.0,0.0,0.0,0.0,0.0,0.0,16.83003459139826,17.356829940040086,16.80795923471277,16.636581413447516,17.170772117894444,275510205.1501801
2021-01-02 00:50:00,99000.0,0.0,0.0,0.0,82.83333333333333,-3.533333333333333,-6.1,,,,,,,,,,,,,,,,,,,,,,,,,,,
2021-01-02 00:55:00,99000.0,0.0,0.0,0.0,83.91666666666667,-3.716666666666667,-6.1,,,,,,,,,,,,,,,,,,,,,,,,,,,
2021-01-02 01:00:00,99000.0,0.0,0.0,0.0,85.0,-3.9,-6.1,0.0,0.0,0.0,0.0,0.0,0.15,0.15,0.15,0.15,0.15,0.0,0.0,0.0,0.0,0.0,0.0,0.0,0.0,0.0,0.0,0.0,16.828120172694355,17.372149267718555,16.825656195938052,16.659706297610512,17.209239864442566,275510205.1501801
2021-01-02 01:05:00,99000.0,0.0,0.0,0.0,84.41666666666667,-3.808333333333333,-6.1,,,,,,,,,,,,,,,,,,,,,,,,,,,
2021-01-02 01:10:00,99000.0,0.0,0.0,0.0,83.83333333333333,-3.716666666666667,-6.1,,,,,,,,,,,,,,,,,,,,,,,,,,,
2021-01-02 01:15:00,99000.0,0.0,0.0,0.0,83.25,-3.625,-6.1,0.0,0.0,0.0,0.0,0.0,0.15,0.15,0.15,0.15,0.15,0.0,0.0,0.0,0.0,0.0,0.0,0.0,0.0,0.0,0.0,0.0,16.79541979534423,17.350317190719693,16.806921441658858,16.646076841878482,17.207042003366666,275510205.1501801
2021-01-02 01:20:00,99000.0,0.0,0.0,0.0,82.66666666666667,-3.533333333333333,-6.1,,,,,,,,,,,,,,,,,,,,,,,,,,,
2021-01-02 01:25:00,99000.0,0.0,0.0,0.0,82.08333333333333,-3.4416666666666664,-6.1,,,,,,,,,,,,,,,,,,,,,,,,,,,
2021-01-02 01:30:00,99000.0,0.0,0.0,0.0,81.5,-3.3499999999999996,-6.1,0.0,0.0,0.0,0.0,0.0,0.15,0.15,0.15,0.15,0.15,0.0,0.0,0.0,0.0,0.0,0.0,0.0,0.0,0.0,0.0,0.0,16.754397414353946,17.31637992460844,16.77513921896525,16.617751972051792,17.186652988748563,275510205.1501801
2021-01-02 01:35:00,99000.0,0.0,0.0,0.0,80.91666666666667,-3.2583333333333333,-6.1,,,,,,,,,,,,,,,,,,,,,,,,,,,
2021-01-02 01:40:00,99000.0,0.0,0.0,0.0,80.33333333333333,-3.1666666666666665,-6.1,,,,,,,,,,,,,,,,,,,,,,,,,,,
2021-01-02 01:45:00,99000.0,0.0,0.0,0.0,79.75,-3.0749999999999997,-6.1,0.0,0.0,0.0,0.0,0.0,0.15,0.15,0.15,0.15,0.15,0.0,0.0,0.0,0.0,0.0,0.0,0.0,0.0,0.0,0.0,0.0,16.713305357884337,17.279937037558966,16.739166342899352,16.584071967155296,17.15813138144847,275510205.1501801
2021-01-02 01:50:00,99000.0,0.0,0.0,0.0,79.16666666666667,-2.9833333333333334,-6.1,,,,,,,,,,,,,,,,,,,,,,,,,,,
2021-01-02 01:55:00,99000.0,0.0,0.0,0.0,78.58333333333333,-2.8916666666666666,-6.1,,,,,,,,,,,,,,,,,,,,,,,,,,,
2021-01-02 02:00:00,99000.0,0.0,0.0,0.0,78.0,-2.8,-6.1,0.0,0.0,0.0,0.0,0.0,0.15,0.15,0.15,0.15,0.15,0.0,0.0,0.0,0.0,0.0,0.0,0.0,0.0,0.0,0.0,0.0,16.672742995518206,17.24160773309626,16.70161837850668,16.5480566157932,17.12654884873075,275510205.1501801
2021-01-02 02:05:00,98991.66666666667,0.0,0.0,0.0,78.0,-2.8416666666666663,-6.1499999999999995,,,,,,,,,,,,,,,,,,,,,,,,,,,
2021-01-02 02:10:00,98983.33333333333,0.0,0.0,0.0,78.0,-2.8833333333333333,-6.199999999999999,,,,,,,,,,,,,,,,,,,,,,,,,,,
2021-01-02 02:15:00,98975.0,0.0,0.0,0.0,78.0,-2.925,-6.25,0.0,0.0,0.0,0.0,0.0,0.15,0.15,0.15,0.15,0.15,0.0,0.0,0.0,0.0,0.0,0.0,0.0,0.0,0.0,0.0,0.0,16.62805419478059,17.20034029595729,16.65966280369031,16.507061159923865,17.08841018656227,275510205.1501801
2021-01-02 02:20:00,98966.66666666667,0.0,0.0,0.0,78.0,-2.9666666666666663,-6.3,,,,,,,,,,,,,,,,,,,,,,,,,,,
2021-01-02 02:25:00,98958.33333333333,0.0,0.0,0.0,78.0,-3.0083333333333333,-6.35,,,,,,,,,,,,,,,,,,,,,,,,,,,
2021-01-02 02:30:00,98950.0,0.0,0.0,0.0,78.0,-3.05,-6.4,0.0,0.0,0.0,0.0,0.0,0.15,0.15,0.15,0.15,0.15,0.0,0.0,0.0,0.0,0.0,0.0,0.0,0.0,0.0,0.0,0.0,16.575268639593787,17.14988369169754,16.609915078374627,16.458565054302085,17.042815207268518,275510205.1501801
2021-01-02 02:35:00,98941.66666666667,0.0,0.0,0.0,78.0,-3.0916666666666663,-6.45,,,,,,,,,,,,,,,,,,,,,,,,,,,
2021-01-02 02:40:00,98933.33333333333,0.0,0.0,0.0,78.0,-3.1333333333333333,-6.5,,,,,,,,,,,,,,,,,,,,,,,,,,,
2021-01-02 02:45:00,98925.0,0.0,0.0,0.0,78.0,-3.175,-6.55,0.0,0.0,0.0,0.0,0.0,0.15,0.15,0.15,0.15,0.15,0.0,0.0,0.0,0.0,0.0,0.0,0.0,0.0,0.0,0.0,0.0,16.51565975094718,17.0923264797878,16.55311213967468,16.402777575955497,16.989890261998198,275510205.1501801
2021-01-02 02:50:00,98916.66666666667,0.0,0.0,0.0,78.0,-3.2166666666666663,-6.6,,,,,,,,,,,,,,,,,,,,,,,,,,,
2021-01-02 02:55:00,98908.33333333333,0.0,0.0,0.0,78.0,-3.2583333333333333,-6.65,,,,,,,,,,,,,,,,,,,,,,,,,,,
2021-01-02 03:00:00,98900.0,0.0,0.0,0.0,78.0,-3.3,-6.7,0.0,0.0,0.0,0.0,0.0,0.15,0.15,0.15,0.15,0.15,0.0,0.0,0.0,0.0,0.0,0.0,0.0,0.0,0.0,0.0,0.0,16.453229225596203,17.030339906507834,16.49261976639832,16.343092373379932,16.93225902168831,275510205.1501801
2021-01-02 03:05:00,98900.0,0.0,0.0,0.0,78.0,-3.2583333333333333,-6.65,,,,,,,,,,,,,,,,,,,,,,,,,,,
2021-01-02 03:10:00,98900.0,0.0,0.0,0.0,78.0,-3.2166666666666663,-6.6,,,,,,,,,,,,,,,,,,,,,,,,,,,
2021-01-02 03:15:00,98900.0,0.0,0.0,0.0,78.0,-3.175,-6.55,0.0,0.0,0.0,0.0,0.0,0.15,0.15,0.15,0.15,0.15,0.0,0.0,0.0,0.0,0.0,0.0,0.0,0.0,0.0,0.0,0.0,16.392502679375866,16.970531801807397,16.43303876838536,16.28412775627112,16.875134533580592,275510205.1501801
2021-01-02 03:20:00,98900.0,0.0,0.0,0.0,78.0,-3.1333333333333333,-6.5,,,,,,,,,,,,,,,,,,,,,,,,,,,
2021-01-02 03:25:00,98900.0,0.0,0.0,0.0,78.0,-3.0916666666666663,-6.45,,,,,,,,,,,,,,,,,,,,,,,,,,,
2021-01-02 03:30:00,98900.0,0.0,0.0,0.0,78.0,-3.05,-6.4,0.0,0.0,0.0,0.0,0.0,0.15,0.15,0.15,0.15,0.15,0.0,0.0,0.0,0.0,0.0,0.0,0.0,0.0,0.0,0.0,0.0,16.336420576530543,16.915294637714,16.377775643841233,16.22895849076974,16.820220718464043,275510205.1501801
2021-01-02 03:35:00,98900.0,0.0,0.0,0.0,78.0,-3.0083333333333333,-6.35,,,,,,,,,,,,,,,,,,,,,,,,,,,
2021-01-02 03:40:00,98900.0,0.0,0.0,0.0,78.0,-2.9666666666666663,-6.3,,,,,,,,,,,,,,,,,,,,,,,,,,,
2021-01-02 03:45:00,98900.0,0.0,0.0,0.0,78.0,-2.925,-6.25,0.0,0.0,0.0,0.0,0.0,0.15,0.15,0.15,0.15,0.15,0.0,0.0,0.0,0.0,0.0,0.0,0.0,0.0,0.0,0.0,0.0,16.286204730195777,16.86632854030688,16.327034191150062,16.1782132665694,16.770041761590278,275510205.1501801
2021-01-02 03:50:00,98900.0,0.0,0.0,0.0,78.0,-2.8833333333333333,-6.199999999999999,,,,,,,,,,,,,,,,,,,,,,,,,,,
2021-01-02 03:55:00,98900.0,0.0,0.0,0.0,78.0,-2.8416666666666663,-6.1499999999999995,,,,,,,,,,,,,,,,,,,,,,,,,,,
2021-01-02 04:00:00,98900.0,0.0,0.0,0.0,78.0,-2.8,-6.1,0.0,0.0,0.0,0.0,0.0,0.15,0.15,0.15,0.15,0.15,0.0,0.0,0.0,0.0,0.0,0.0,0.0,0.0,0.0,0.0,0.0,16.24126602305961,16.822102877528152,16.281087097253817,16.132069534864797,16.7253073120296,275510205.1501801
2021-01-02 04:05:00,98900.0,0.0,0.0,0.0,77.5,-2.658333333333333,-6.058333333333333,,,,,,,,,,,,,,,,,,,,,,,,,,,
2021-01-02 04:10:00,98900.0,0.0,0.0,0.0,77.0,-2.5166666666666666,-6.016666666666667,,,,,,,,,,,,,,,,,,,,,,,,,,,
2021-01-02 04:15:00,98900.0,0.0,0.0,0.0,76.5,-2.375,-5.975,0.0,0.0,0.0,0.0,0.0,0.15,0.15,0.15,0.15,0.15,0.0,0.0,0.0,0.0,0.0,0.0,0.0,0.0,0.0,0.0,0.0,16.201167415640725,16.78098567678387,16.24008141424008,16.09001139757146,16.683132832706633,275510205.1501801
2021-01-02 04:20:00,98900.0,0.0,0.0,0.0,76.0,-2.2333333333333334,-5.933333333333333,,,,,,,,,,,,,,,,,,,,,,,,,,,
2021-01-02 04:25:00,98900.0,0.0,0.0,0.0,75.5,-2.091666666666667,-5.891666666666667,,,,,,,,,,,,,,,,,,,,,,,,,,,
2021-01-02 04:30:00,98900.0,0.0,0.0,0.0,75.0,-1.95,-5.85,0.0,0.0,0.0,0.0,0.0,0.15,0.15,0.15,0.15,0.15,0.0,0.0,0.0,0.0,0.0,0.0,0.0,0.0,0.0,0.0,0.0,16.163037496305094,16.74344292009323,16.20090422120228,16.0506601272333,16.643257320758607,275510205.1501801
2021-01-02 04:35:00,98900.0,0.0,0.0,0.0,74.5,-1.8083333333333333,-5.808333333333333,,,,,,,,,,,,,,,,,,,,,,,,,,,
2021-01-02 04:40:00,98900.0,0.0,0.0,0.0,74.0,-1.6666666666666667,-5.766666666666667,,,,,,,,,,,,,,,,,,,,,,,,,,,
2021-01-02 04:45:00,98900.0,0.0,0.0,0.0,73.5,-1.5250000000000001,-5.725,0.0,0.0,0.0,0.0,0.0,0.15,0.15,0.15,0.15,0.15,0.0,0.0,0.0,0.0,0.0,0.0,0.0,0.0,0.0,0.0,0.0,16.126751875230923,16.707023933851644,16.16402813453476,16.013357481999208,16.60682499441799,275510205.1501801
2021-01-02 04:50:00,98900.0,0.0,0.0,0.0,73.0,-1.3833333333333335,-5.683333333333333,,,,,,,,,,,,,,,,,,,,,,,,,,,
2021-01-02 04:55:00,98900.0,0.0,0.0,0.0,72.5,-1.241666666666667,-5.641666666666667,,,,,,,,,,,,,,,,,,,,,,,,,,,
2021-01-02 05:00:00,98900.0,0.0,0.0,0.0,72.0,-1.1,-5.6,0.0,0.0,0.0,0.0,0.0,0.15,0.15,0.15,0.15,0.15,0.0,0.0,0.0,0.0,0.0,0.0,0.0,0.0,0.0,0.0,0.0,16.092146694896883,16.67143617742323,16.128898084393825,15.97841792982706,16.57219343732686,275510205.1501801
2021-01-02 05:05:00,98900.0,0.0,0.0,0.0,72.0,-1.1,-5.6,,,,,,,,,,,,,,,,,,,,,,,,,,,
2021-01-02 05:10:00,98900.0,0.0,0.0,0.0,72.0,-1.1,-5.6,,,,,,,,,,,,,,,,,,,,,,,,,,,
2021-01-02 05:15:00,98900.0,0.0,0.0,0.0,72.0,-1.1,-5.6,0.0,0.0,0.0,0.0,0.0,0.15,0.15,0.15,0.15,0.15,0.0,0.0,0.0,0.0,0.0,0.0,0.0,0.0,0.0,0.0,0.0,16.057077720840653,16.63667975718937,16.09426776037526,15.943207997237039,16.5373601186825,275510205.1501801
2021-01-02 05:20:00,98900.0,0.0,0.0,0.0,72.0,-1.1,-5.6,,,,,,,,,,,,,,,,,,,,,,,,,,,
2021-01-02 05:25:00,98900.0,0.0,0.0,0.0,72.0,-1.1,-5.6,,,,,,,,,,,,,,,,,,,,,,,,,,,
2021-01-02 05:30:00,98900.0,0.0,0.0,0.0,72.0,-1.1,-5.6,0.0,0.0,0.0,0.0,0.0,0.15,0.15,0.15,0.15,0.15,0.0,0.0,0.0,0.0,0.0,0.0,0.0,0.0,0.0,0.0,0.0,16.017795004666482,16.597316458610862,16.05548093347005,15.904388408559214,16.49803240566297,275510205.1501801
2021-01-02 05:35:00,98900.0,0.0,0.0,0.0,72.0,-1.1,-5.6,,,,,,,,,,,,,,,,,,,,,,,,,,,
2021-01-02 05:40:00,98900.0,0.0,0.0,0.0,72.0,-1.1,-5.6,,,,,,,,,,,,,,,,,,,,,,,,,,,
2021-01-02 05:45:00,98900.0,0.0,0.0,0.0,72.0,-1.1,-5.6,0.0,0.0,0.0,0.0,0.0,0.15,0.15,0.15,0.15,0.15,0.0,0.0,0.0,0.0,0.0,0.0,0.0,0.0,0.0,0.0,0.0,15.973098862406744,16.55368000012743,16.011904371546564,15.861262040189558,16.455100316967332,275510205.1501801
2021-01-02 05:50:00,98900.0,0.0,0.0,0.0,72.0,-1.1,-5.6,,,,,,,,,,,,,,,,,,,,,,,,,,,
2021-01-02 05:55:00,98900.0,0.0,0.0,0.0,72.0,-1.1,-5.6,,,,,,,,,,,,,,,,,,,,,,,,,,,
2021-01-02 06:00:00,98900.0,0.0,0.0,0.0,72.0,-1.1,-5.6,0.0,0.0,0.0,0.0,0.0,0.15,0.15,0.15,0.15,0.15,0.0,0.0,0.0,0.0,0.0,0.0,0.0,0.0,0.0,0.0,0.0,15.926102416483616,16.50663802377619,15.965636013949677,15.815760774832711,16.409812532878277,275510205.1501801
2021-01-02 06:05:00,98908.33333333333,0.0,0.0,0.0,71.75,-1.0583333333333333,-5.6,,,,,,,,,,,,,,,,,,,,,,,,,,,
2021-01-02 06:10:00,98916.66666666667,0.0,0.0,0.0,71.5,-1.0166666666666668,-5.6,,,,,,,,,,,,,,,,,,,,,,,,,,,
2021-01-02 06:15:00,98925.0,0.0,0.0,0.0,71.25,-0.9750000000000001,-5.6,0.0,0.0,0.0,0.0,0.0,0.15,0.15,0.15,0.15,0.15,0.0,0.0,0.0,0.0,0.0,0.0,0.0,0.0,0.0,0.0,0.0,15.88121475692651,16.462499604101993,15.921021083357118,15.771232407491652,16.366095419031524,275510205.1501801
2021-01-02 06:20:00,98933.33333333333,0.0,0.0,0.0,71.0,-0.9333333333333333,-5.6,,,,,,,,,,,,,,,,,,,,,,,,,,,
2021-01-02 06:25:00,98941.66666666667,0.0,0.0,0.0,70.75,-0.8916666666666667,-5.6,,,,,,,,,,,,,,,,,,,,,,,,,,,
2021-01-02 06:30:00,98950.0,0.0,0.0,0.0,70.5,-0.8500000000000001,-5.6,0.0,0.0,0.0,0.0,0.0,0.15,0.15,0.15,0.15,0.15,0.0,0.0,0.0,0.0,0.0,0.0,0.0,0.0,0.0,0.0,0.0,15.841084002427579,16.421785613864643,15.880380799680154,15.73059327103681,16.325406078302535,275510205.1501801
2021-01-02 06:35:00,98958.33333333333,0.0,0.0,0.0,70.25,-0.8083333333333333,-5.6,,,,,,,,,,,,,,,,,,,,,,,,,,,
2021-01-02 06:40:00,98966.66666666667,0.0,0.0,0.0,70.0,-0.7666666666666666,-5.6,,,,,,,,,,,,,,,,,,,,,,,,,,,
2021-01-02 06:45:00,98975.0,0.0,0.0,0.0,69.75,-0.725,-5.6,0.0,0.0,0.0,0.0,0.0,0.15,0.15,0.15,0.15,0.15,0.0,0.0,0.0,0.0,0.0,0.0,0.0,0.0,0.0,0.0,0.0,15.806418460638326,16.387413859566152,15.84442680090143,15.694334194299472,16.28959676575448,275510205.1501801
2021-01-02 06:50:00,98983.33333333333,0.0,0.0,0.0,69.5,-0.6833333333333333,-5.6,,,,,,,,,,,,,,,,,,,,,,,,,,,
2021-01-02 06:55:00,98991.66666666667,0.0,0.0,0.0,69.25,-0.6416666666666666,-5.6,,,,,,,,,,,,,,,,,,,,,,,,,,,
2021-01-02 07:00:00,99000.0,0.0,0.0,0.0,69.0,-0.6,-5.6,0.0,0.0,0.0,0.0,0.0,0.15,0.15,0.15,0.15,0.15,0.0,0.0,0.0,0.0,0.0,0.0,0.0,0.0,0.0,0.0,0.0,15.776027978091463,16.35709066830782,15.813079477271572,15.662162768435849,16.25776359021029,275510205.1501801
2021-01-02 07:05:00,98991.66666666667,0.6666666666666666,0.0,0.6666666666666666,69.0,-0.6,-5.6,,,,,,,,,,,,,,,,,,,,,,,,,,,
2021-01-02 07:10:00,98983.33333333333,1.3333333333333333,0.0,1.3333333333333333,69.0,-0.6,-5.6,,,,,,,,,,,,,,,,,,,,,,,,,,,
2021-01-02 07:15:00,98975.0,2.0,0.0,2.0,69.0,-0.6,-5.6,0.0,0.0,0.0,0.0,0.0,0.15,0.15,0.15,0.15,0.15,1.0,1.0,1.0,1.0,1.0,2.0,2.0,2.0,2.0,2.0,25916.04823747681,18.557375216416062,18.8547758844403,18.25225479229664,17.98616777483329,18.360804654632318,298834538.1646557
2021-01-02 07:20:00,98966.66666666667,2.6666666666666665,0.0,2.6666666666666665,69.0,-0.6,-5.6,,,,,,,,,,,,,,,,,,,,,,,,,,,
2021-01-02 07:25:00,98958.33333333333,3.333333333333333,0.0,3.333333333333333,69.0,-0.6,-5.6,,,,,,,,,,,,,,,,,,,,,,,,,,,
2021-01-02 07:30:00,98950.0,4.0,0.0,4.0,69.0,-0.6,-5.6,0.0,0.0,0.0,0.0,0.0,0.15,0.15,0.15,0.15,0.15,1.0,1.0,1.0,1.0,1.0,2.0,2.0,2.0,2.0,2.0,25916.04823747681,21.85084246987543,22.058065492759056,21.425935747863207,21.101579100510264,21.36496836694539,322158981.5783847
2021-01-02 07:35:00,98941.66666666667,4.666666666666666,0.0,4.666666666666666,69.0,-0.6,-5.6,,,,,,,,,,,,,,,,,,,,,,,,,,,
2021-01-02 07:40:00,98933.33333333333,5.333333333333333,0.0,5.333333333333333,69.0,-0.6,-5.6,,,,,,,,,,,,,,,,,,,,,,,,,,,
2021-01-02 07:45:00,98925.0,6.0,0.0,6.0,69.0,-0.6,-5.6,0.0,0.0,0.0,0.0,0.0,0.15,0.15,0.15,0.15,0.15,1.0,1.0,1.0,1.0,1.0,2.0,2.0,2.0,2.0,2.0,25916.04823747681,23.526719253780016,23.832589936935506,23.170291374622252,22.83303831890288,23.194662280330476,345483424.9921137
2021-01-02 07:50:00,98916.66666666667,6.666666666666666,0.0,6.666666666666666,69.0,-0.6,-5.6,,,,,,,,,,,,,,,,,,,,,,,,,,,
2021-01-02 07:55:00,98908.33333333333,7.333333333333333,0.0,7.333333333333333,69.0,-0.6,-5.6,,,,,,,,,,,,,,,,,,,,,,,,,,,
2021-01-02 08:00:00,98900.0,8.0,0.0,8.0,69.0,-0.6,-5.6,0.0,0.0,0.0,0.0,0.0,0.15,0.15,0.15,0.15,0.15,1.0,1.0,1.0,1.0,1.0,2.0,2.0,2.0,2.0,2.0,25916.04823747681,24.484685053951694,24.953524640565035,24.209054467425176,23.87881742125552,24.364057529217916,368807868.40584314
2021-01-02 08:05:00,98908.33333333333,11.083333333333334,0.4166666666666667,11.166666666666666,69.0,-0.5499999999999999,-5.55,,,,,,,,,,,,,,,,,,,,,,,,,,,
2021-01-02 08:10:00,98916.66666666667,14.166666666666668,0.8333333333333334,14.333333333333332,69.0,-0.5,-5.5,,,,,,,,,,,,,,,,,,,,,,,,,,,
2021-01-02 08:15:00,98925.0,17.25,1.25,17.5,69.0,-0.44999999999999996,-5.449999999999999,0.0,0.0,0.0,0.0,0.0,0.15,0.15,0.15,0.15,0.15,1.0,1.0,1.0,1.0,1.0,2.0,0.0,2.0,2.0,2.0,21370.593692022263,25.129703654188006,22.04898011748776,24.913695202192628,24.59646745283021,25.16926734361965,388314130.00139415
2021-01-02 08:20:00,98933.33333333333,20.333333333333336,1.6666666666666667,20.666666666666664,69.0,-0.4,-5.3999999999999995,,,,,,,,,,,,,,,,,,,,,,,,,,,
2021-01-02 08:25:00,98941.66666666667,23.416666666666668,2.0833333333333335,23.833333333333332,69.0,-0.35,-5.35,,,,,,,,,,,,,,,,,,,,,,,,,,,
2021-01-02 08:30:00,98950.0,26.5,2.5,27.0,69.0,-0.3,-5.3,0.0,0.0,0.0,0.0,0.0,0.15,0.15,0.15,0.15,0.15,1.0,1.0,1.0,1.0,1.0,0.0,2.0,0.0,0.0,0.0,7734.230055658628,21.756368247761316,22.164799990282063,22.01221361258996,21.88494783691391,22.67762436478705,396093118.86966854
2021-01-02 08:35:00,98958.33333333333,29.583333333333336,2.916666666666667,30.166666666666664,69.0,-0.25,-5.25,,,,,,,,,,,,,,,,,,,,,,,,,,,
2021-01-02 08:40:00,98966.66666666667,32.66666666666667,3.3333333333333335,33.33333333333333,69.0,-0.2,-5.2,,,,,,,,,,,,,,,,,,,,,,,,,,,
2021-01-02 08:45:00,98975.0,35.75,3.75,36.5,69.0,-0.15000000000000002,-5.15,0.0,0.0,0.0,0.0,0.0,0.15,0.15,0.15,0.15,0.15,1.0,1.0,1.0,1.0,1.0,2.0,2.0,2.0,2.0,2.0,25916.04823747681,21.877255263939617,24.59131742828049,21.883274113870925,21.665336392153847,22.420362789221656,418326653.1924908
2021-01-02 08:50:00,98983.33333333333,38.833333333333336,4.166666666666667,39.666666666666664,69.0,-0.10000000000000003,-5.1,,,,,,,,,,,,,,,,,,,,,,,,,,,
2021-01-02 08:55:00,98991.66666666667,41.91666666666667,4.583333333333334,42.83333333333333,69.0,-0.050000000000000044,-5.05,,,,,,,,,,,,,,,,,,,,,,,,,,,
2021-01-02 09:00:00,99000.0,45.0,5.0,46.0,69.0,0.0,-5.0,0.0,0.0,0.0,0.0,0.0,0.15,0.15,0.15,0.15,0.15,1.0,1.0,1.0,1.0,1.0,2.0,0.0,2.0,2.0,2.0,21370.593692022263,24.343982419315523,22.190531959088673,24.132237709010212,23.80803981406143,24.490913442311978,437832914.7880335
2021-01-02 09:05:00,99000.0,51.416666666666664,4.666666666666667,52.416666666666664,68.83333333333333,0.049999999999999996,-5.0,,,,,,,,,,,,,,,,,,,,,,,,,,,
2021-01-02 09:10:00,99000.0,57.833333333333336,4.333333333333333,58.833333333333336,68.66666666666667,0.09999999999999999,-5.0,,,,,,,,,,,,,,,,,,,,,,,,,,,
2021-01-02 09:15:00,99000.0,64.25,4.0,65.25,68.5,0.15,-5.0,0.0,0.0,0.0,0.0,0.0,0.15,0.15,0.15,0.15,0.15,1.0,1.0,1.0,1.0,1.0,2.0,2.0,2.0,2.0,2.0,25916.04823747681,25.544035095441075,22.50958335499172,25.326901411910796,24.991444895554537,25.68166445895463,460884630.9290351
2021-01-02 09:20:00,99000.0,70.66666666666667,3.666666666666667,71.66666666666667,68.33333333333333,0.19999999999999998,-5.0,,,,,,,,,,,,,,,,,,,,,,,,,,,
2021-01-02 09:25:00,99000.0,77.08333333333334,3.3333333333333335,78.08333333333334,68.16666666666667,0.24999999999999997,-5.0,,,,,,,,,,,,,,,,,,,,,,,,,,,
2021-01-02 09:30:00,99000.0,83.5,3.0,84.5,68.0,0.3,-5.0,0.0,0.0,0.0,0.0,0.0,0.15,0.15,0.15,0.15,0.15,1.0,1.0,1.0,1.0,1.0,0.0,2.0,0.0,0.0,0.0,7734.230055658628,22.391416625233887,25.077535509722054,22.635624732404494,22.48756037950045,23.364997627768957,468936347.0700371
2021-01-02 09:35:00,99000.0,89.91666666666667,2.666666666666667,90.91666666666667,67.83333333333333,0.35,-5.0,,,,,,,,,,,,,,,,,,,,,,,,,,,
2021-01-02 09:40:00,99000.0,96.33333333333334,2.3333333333333335,97.33333333333334,67.66666666666667,0.39999999999999997,-5.0,,,,,,,,,,,,,,,,,,,,,,,,,,,
2021-01-02 09:45:00,99000.0,102.75,2.0,103.75,67.5,0.44999999999999996,-5.0,0.0,0.0,0.0,0.0,0.0,0.15,0.15,0.15,0.15,0.15,1.0,1.0,1.0,1.0,1.0,2.0,0.0,2.0,2.0,1.0,19097.86641929499,22.601181563029286,22.726487687985923,22.599134921584323,22.36183276965926,21.921619433894705,485442608.6655817
2021-01-02 09:50:00,99000.0,109.16666666666667,1.666666666666667,110.16666666666667,67.33333333333333,0.49999999999999994,-5.0,,,,,,,,,,,,,,,,,,,,,,,,,,,
2021-01-02 09:55:00,99000.0,115.58333333333334,1.3333333333333335,116.58333333333334,67.16666666666667,0.5499999999999999,-5.0,,,,,,,,,,,,,,,,,,,,,,,,,,,
2021-01-02 10:00:00,99000.0,122.0,1.0,123.0,67.0,0.6,-5.0,0.0,0.0,0.0,0.0,0.0,0.15,0.15,0.15,0.15,0.15,1.0,1.0,1.0,1.0,1.0,2.0,2.0,2.0,2.0,2.0,25916.04823747681,25.11035982718539,23.044090885618346,24.892688203480873,24.552903620260565,23.833696785951815,508357961.1702202
2021-01-02 10:05:00,98991.66666666667,122.91666666666667,1.0,123.83333333333333,66.58333333333333,0.6916666666666667,-5.0,,,,,,,,,,,,,,,,,,,,,,,,,,,
2021-01-02 10:10:00,98983.33333333333,123.83333333333333,1.0,124.66666666666667,66.16666666666667,0.7833333333333333,-5.0,,,,,,,,,,,,,,,,,,,,,,,,,,,
2021-01-02 10:15:00,98975.0,124.75,1.0,125.5,65.75,0.875,-5.0,0.0,0.0,0.0,0.0,0.0,0.15,0.15,0.15,0.15,0.15,1.0,1.0,1.0,1.0,1.0,0.0,2.0,0.0,0.0,2.0,12279.684601113175,22.417381551243295,25.599066864343115,22.629873131158035,22.46363583201395,25.650352916257248,520227859.1294029
2021-01-02 10:20:00,98966.66666666667,125.66666666666667,1.0,126.33333333333333,65.33333333333333,0.9666666666666667,-5.0,,,,,,,,,,,,,,,,,,,,,,,,,,,
2021-01-02 10:25:00,98958.33333333333,126.58333333333333,1.0,127.16666666666667,64.91666666666667,1.0583333333333333,-5.0,,,,,,,,,,,,,,,,,,,,,,,,,,,
2021-01-02 10:30:00,98950.0,127.5,1.0,128.0,64.5,1.15,-5.0,0.0,0.0,0.0,0.0,0.0,0.15,0.15,0.15,0.15,0.15,1.0,1.0,1.0,1.0,1.0,2.0,0.0,2.0,2.0,0.0,16825.13914656772,22.820884757249644,23.24775976805921,22.792672173534868,22.533988041766406,23.628147912881673,535097757.08858776
2021-01-02 10:35:00,98941.66666666667,128.41666666666666,1.0,128.83333333333334,64.08333333333333,1.2416666666666667,-5.0,,,,,,,,,,,,,,,,,,,,,,,,,,,
2021-01-02 10:40:00,98933.33333333333,129.33333333333334,1.0,129.66666666666666,63.666666666666664,1.3333333333333335,-5.0,,,,,,,,,,,,,,,,,,,,,,,,,,,
2021-01-02 10:45:00,98925.0,130.25,1.0,130.5,63.25,1.425,-5.0,0.0,0.0,0.0,0.0,0.0,0.15,0.15,0.15,0.15,0.15,1.0,1.0,1.0,1.0,1.0,2.0,1.0,2.0,2.0,0.0,19097.866419294995,25.481142711253028,22.09999874837257,25.232445415901793,24.873481331749417,20.372707666128917,552149473.2295871
2021-01-02 10:50:00,98916.66666666667,131.16666666666666,1.0,131.33333333333334,62.833333333333336,1.5166666666666666,-5.0,,,,,,,,,,,,,,,,,,,,,,,,,,,
2021-01-02 10:55:00,98908.33333333333,132.08333333333334,1.0,132.16666666666666,62.416666666666664,1.6083333333333334,-5.0,,,,,,,,,,,,,,,,,,,,,,,,,,,
2021-01-02 11:00:00,98900.0,133.0,1.0,133.0,62.0,1.7,-5.0,0.0,0.0,0.0,0.0,0.0,0.15,0.15,0.15,0.15,0.15,1.0,1.0,1.0,1.0,1.0,0.0,2.0,0.0,0.0,2.0,12279.684601113175,22.89725873546365,24.66436703673031,23.08335552411353,22.89793933955241,21.694542769428324,563610280.2796804
2021-01-02 11:05:00,98891.66666666667,136.58333333333334,1.0833333333333333,136.58333333333334,62.166666666666664,1.7,-4.95,,,,,,,,,,,,,,,,,,,,,,,,,,,
2021-01-02 11:10:00,98883.33333333333,140.16666666666666,1.1666666666666667,140.16666666666666,62.333333333333336,1.7,-4.9,,,,,,,,,,,,,,,,,,,,,,,,,,,
2021-01-02 11:15:00,98875.0,143.75,1.25,143.75,62.5,1.7,-4.85,0.0,0.0,0.0,0.0,0.0,0.15,0.15,0.15,0.15,0.15,1.0,1.0,1.0,1.0,1.0,2.0,0.0,1.0,2.0,2.0,19097.86641929499,23.339018196173015,23.056165156532074,21.863825458920132,23.01832570384329,24.770833720274936,580389269.1479558
2021-01-02 11:20:00,98866.66666666667,147.33333333333334,1.3333333333333333,147.33333333333334,62.666666666666664,1.7,-4.8,,,,,,,,,,,,,,,,,,,,,,,,,,,
2021-01-02 11:25:00,98858.33333333333,150.91666666666666,1.4166666666666665,150.91666666666666,62.833333333333336,1.7,-4.75,,,,,,,,,,,,,,,,,,,,,,,,,,,
2021-01-02 11:30:00,98850.0,154.5,1.5,154.5,63.0,1.7,-4.7,0.0,0.0,0.0,0.0,0.0,0.15,0.15,0.15,0.15,0.15,1.0,1.0,1.0,1.0,1.0,2.0,1.0,2.0,2.0,0.0,19097.866419294995,25.96185218642995,22.139209955987496,24.19301139610593,25.342070942061298,23.35436746479428,597577348.9253192
2021-01-02 11:35:00,98841.66666666667,158.08333333333334,1.5833333333333333,158.08333333333334,63.166666666666664,1.7,-4.65,,,,,,,,,,,,,,,,,,,,,,,,,,,
2021-01-02 11:40:00,98833.33333333333,161.66666666666666,1.6666666666666665,161.66666666666666,63.333333333333336,1.7,-4.6000000000000005,,,,,,,,,,,,,,,,,,,,,,,,,,,
2021-01-02 11:45:00,98825.0,165.25,1.75,165.25,63.5,1.7,-4.550000000000001,0.0,0.0,0.0,0.0,0.0,0.15,0.15,0.15,0.15,0.15,1.0,1.0,1.0,1.0,1.0,0.0,2.0,2.0,0.0,1.0,14552.411873840447,23.321784499626858,24.825109011693996,26.160555967072185,23.320781949138052,22.340944002750234,610947246.884503
2021-01-02 11:50:00,98816.66666666667,168.83333333333334,1.8333333333333333,168.83333333333334,63.666666666666664,1.7,-4.5,,,,,,,,,,,,,,,,,,,,,,,,,,,
2021-01-02 11:55:00,98808.33333333333,172.41666666666669,1.9166666666666665,172.41666666666669,63.833333333333336,1.7,-4.45,,,,,,,,,,,,,,,,,,,,,,,,,,,
2021-01-02 12:00:00,98800.0,176.0,2.0,176.0,64.0,1.7,-4.4,0.0,0.0,0.0,0.0,0.0,0.15,0.15,0.15,0.15,0.15,1.0,1.0,1.0,1.0,1.0,1.0,0.0,0.0,1.0,2.0,12279.684601113175,22.08371164709888,23.268314491504896,23.786980532565337,22.06136978879192,24.514289635278033,622135326.6618695
2021-01-02 12:05:00,98783.33333333333,176.75,2.0833333333333335,176.83333333333334,64.25,1.7,-4.358333333333333,,,,,,,,,,,,,,,,,,,,,,,,,,,
2021-01-02 12:10:00,98766.66666666667,177.5,2.1666666666666665,177.66666666666666,64.5,1.7,-4.316666666666667,,,,,,,,,,,,,,,,,,,,,,,,,,,
2021-01-02 12:15:00,98750.0,178.25,2.25,178.5,64.75,1.7,-4.275,0.0,0.0,0.0,0.0,0.0,0.15,0.15,0.15,0.15,0.15,1.0,1.0,1.0,1.0,1.0,2.0,1.0,0.0,2.0,0.0,14552.411873840447,24.754999362169997,22.37126582251591,20.226816501239966,24.211428087933257,23.35439558118776,635096133.7119619
2021-01-02 12:20:00,98733.33333333333,179.0,2.3333333333333335,179.33333333333334,65.0,1.7,-4.233333333333333,,,,,,,,,,,,,,,,,,,,,,,,,,,
2021-01-02 12:25:00,98716.66666666667,179.75,2.4166666666666665,180.16666666666666,65.25,1.7,-4.191666666666666,,,,,,,,,,,,,,,,,,,,,,,,,,,
2021-01-02 12:30:00,98700.0,180.5,2.5,181.0,65.5,1.7,-4.15,0.0,0.0,0.0,0.0,0.0,0.15,0.15,0.15,0.15,0.15,1.0,1.0,1.0,1.0,1.0,0.0,2.0,2.0,2.0,1.0,19097.86641929499,22.885920564245623,25.065974664190207,21.839823781668827,26.12405004257215,22.434486445441678,652011486.2166018
2021-01-02 12:35:00,98683.33333333333,181.25,2.583333333333333,181.83333333333334,65.75,1.7,-4.108333333333333,,,,,,,,,,,,,,,,,,,,,,,,,,,
2021-01-02 12:40:00,98666.66666666667,182.0,2.6666666666666665,182.66666666666666,66.0,1.7,-4.066666666666666,,,,,,,,,,,,,,,,,,,,,,,,,,,
2021-01-02 12:45:00,98650.0,182.75,2.75,183.5,66.25,1.7,-4.025,0.0,0.0,0.0,0.0,0.0,0.15,0.15,0.15,0.15,0.15,1.0,1.0,1.0,1.0,1.0,2.0,0.0,2.0,0.0,2.0,16825.13914656772,23.576615398112722,23.51870865203864,25.147189315755554,23.92919141792288,24.671049204627707,667290475.0848795
2021-01-02 12:50:00,98633.33333333333,183.5,2.833333333333333,184.33333333333334,66.5,1.7,-3.9833333333333334,,,,,,,,,,,,,,,,,,,,,,,,,,,
2021-01-02 12:55:00,98616.66666666667,184.25,2.9166666666666665,185.16666666666666,66.75,1.7,-3.9416666666666664,,,,,,,,,,,,,,,,,,,,,,,,,,,
2021-01-02 13:00:00,98600.0,185.0,3.0,186.0,67.0,1.7,-3.9,0.0,0.0,0.0,0.0,0.0,0.15,0.15,0.15,0.15,0.15,1.0,1.0,1.0,1.0,1.0,2.0,0.0,0.0,0.0,0.0,7734.230055658628,26.363302429475084,20.256515361325967,23.372720914343574,20.487129062364204,23.560025530348128,674796736.6804252
2021-01-02 13:05:00,98591.66666666667,183.41666666666666,2.75,184.33333333333334,69.08333333333333,1.5583333333333333,-3.6666666666666665,,,,,,,,,,,,,,,,,,,,,,,,,,,
2021-01-02 13:10:00,98583.33333333333,181.83333333333334,2.5,182.66666666666666,71.16666666666667,1.4166666666666665,-3.433333333333333,,,,,,,,,,,,,,,,,,,,,,,,,,,
2021-01-02 13:15:00,98575.0,180.25,2.25,181.0,73.25,1.275,-3.2,0.0,0.0,0.0,0.0,0.0,0.15,0.15,0.15,0.15,0.15,1.0,1.0,1.0,1.0,1.0,0.0,2.0,1.0,2.0,0.0,14552.411873840447,23.780193677529667,22.330840195918825,22.287607956435693,21.880418711312814,20.648281401917018,687484816.457786
2021-01-02 13:20:00,98566.66666666667,178.66666666666666,2.0,179.33333333333334,75.33333333333333,1.1333333333333333,-2.966666666666667,,,,,,,,,,,,,,,,,,,,,,,,,,,
2021-01-02 13:25:00,98558.33333333333,177.08333333333334,1.75,177.66666666666666,77.41666666666667,0.9916666666666667,-2.7333333333333334,,,,,,,,,,,,,,,,,,,,,,,,,,,
2021-01-02 13:30:00,98550.0,175.5,1.5,176.0,79.5,0.85,-2.5,0.0,0.0,0.0,0.0,0.0,0.15,0.15,0.15,0.15,0.15,1.0,1.0,1.0,1.0,1.0,0.0,2.0,2.0,2.0,2.0,21370.593692022263,19.937960321081164,25.839264009002193,24.61283776352076,24.946869249709323,22.053138507789356,706309259.8715179
2021-01-02 13:35:00,98541.66666666667,173.91666666666666,1.25,174.33333333333334,81.58333333333333,0.7083333333333333,-2.2666666666666666,,,,,,,,,,,,,,,,,,,,,,,,,,,
2021-01-02 13:40:00,98533.33333333333,172.33333333333334,1.0,172.66666666666666,83.66666666666667,0.5666666666666667,-2.033333333333333,,,,,,,,,,,,,,,,,,,,,,,,,,,
2021-01-02 13:45:00,98525.0,170.75,0.75,171.0,85.75,0.42500000000000004,-1.8000000000000003,0.0,0.0,0.0,0.0,0.0,0.15,0.15,0.15,0.15,0.15,1.0,1.0,1.0,1.0,1.0,2.0,0.0,0.0,0.0,2.0,12279.684601113175,21.874175045013317,23.744389703246497,22.969615637065942,23.13983838729331,25.084062727858054,717906430.5579755
2021-01-02 13:50:00,98516.66666666667,169.16666666666666,0.5,169.33333333333334,87.83333333333334,0.28333333333333344,-1.5666666666666669,,,,,,,,,,,,,,,,,,,,,,,,,,,
2021-01-02 13:55:00,98508.33333333333,167.58333333333334,0.25,167.66666666666666,89.91666666666667,0.1416666666666666,-1.3333333333333335,,,,,,,,,,,,,,,,,,,,,,,,,,,
2021-01-02 14:00:00,98500.0,166.0,0.0,166.0,92.0,0.0,-1.1,0.0,0.0,0.0,0.0,0.0,0.15,0.15,0.15,0.15,0.15,1.0,1.0,1.0,1.0,1.0,2.0,0.0,2.0,1.0,0.0,14552.411873840447,25.233066153573077,20.07526990373492,23.182109645771106,21.79062824286916,23.495054006715236,730867237.6080691
2021-01-02 14:05:00,98491.66666666667,162.33333333333334,0.0,162.33333333333334,92.33333333333333,-0.049999999999999996,-1.1,,,,,,,,,,,,,,,,,,,,,,,,,,,
2021-01-02 14:10:00,98483.33333333333,158.66666666666666,0.0,158.66666666666666,92.66666666666667,-0.09999999999999999,-1.1,,,,,,,,,,,,,,,,,,,,,,,,,,,
2021-01-02 14:15:00,98475.0,155.0,0.0,155.0,93.0,-0.15,-1.1,0.0,0.0,0.0,0.0,0.0,0.15,0.15,0.15,0.15,0.15,1.0,1.0,1.0,1.0,1.0,0.0,2.0,2.0,2.0,1.0,19097.86641929499,22.761749747614772,21.819555362367453,25.54671768101366,23.81054137367863,22.24282285407088,747782590.1127043
2021-01-02 14:20:00,98466.66666666667,151.33333333333334,0.0,151.33333333333334,93.33333333333333,-0.19999999999999998,-1.1,,,,,,,,,,,,,,,,,,,,,,,,,,,
2021-01-02 14:25:00,98458.33333333333,147.66666666666666,0.0,147.66666666666666,93.66666666666667,-0.24999999999999997,-1.1,,,,,,,,,,,,,,,,,,,,,,,,,,,
2021-01-02 14:30:00,98450.0,144.0,0.0,144.0,94.0,-0.3,-1.1,0.0,0.0,0.0,0.0,0.0,0.15,0.15,0.15,0.15,0.15,1.0,1.0,1.0,1.0,1.0,2.0,2.0,0.0,2.0,2.0,21370.593692022263,23.06519224227077,25.191328561038915,23.210090784368674,25.58762079020869,24.213096869308913,766879760.7991521
2021-01-02 14:35:00,98441.66666666667,140.33333333333334,0.0,140.33333333333334,94.33333333333333,-0.35,-1.1,,,,,,,,,,,,,,,,,,,,,,,,,,,
2021-01-02 14:40:00,98433.33333333333,136.66666666666666,0.0,136.66666666666666,94.66666666666667,-0.39999999999999997,-1.1,,,,,,,,,,,,,,,,,,,,,,,,,,,
2021-01-02 14:45:00,98425.0,133.0,0.0,133.0,95.0,-0.44999999999999996,-1.1,0.0,0.0,0.0,0.0,0.0,0.15,0.15,0.15,0.15,0.15,1.0,1.0,1.0,1.0,1.0,2.0,0.0,1.0,0.0,2.0,14552.411873840447,25.611463818581456,23.085801606238988,21.724865835481296,23.22592170244917,26.011632852519313,780386022.3946997
2021-01-02 14:50:00,98416.66666666667,129.33333333333334,0.0,129.33333333333334,95.33333333333333,-0.49999999999999994,-1.1,,,,,,,,,,,,,,,,,,,,,,,,,,,
2021-01-02 14:55:00,98408.33333333333,125.66666666666667,0.0,125.66666666666667,95.66666666666667,-0.5499999999999999,-1.1,,,,,,,,,,,,,,,,,,,,,,,,,,,
2021-01-02 15:00:00,98400.0,122.0,0.0,122.0,96.0,-0.6,-1.1,0.0,0.0,0.0,0.0,0.0,0.15,0.15,0.15,0.15,0.15,1.0,1.0,1.0,1.0,1.0,0.0,1.0,2.0,1.0,0.0,12279.684601113175,22.839705080660963,21.822225555513796,23.872590292910047,21.664379441700817,23.87333788577513,791574102.1720582
2021-01-02 15:05:00,98391.66666666667,116.33333333333333,0.0,116.33333333333333,95.41666666666667,-0.5,-1.1,,,,,,,,,,,,,,,,,,,,,,,,,,,
2021-01-02 15:10:00,98383.33333333333,110.66666666666667,0.0,110.66666666666667,94.83333333333333,-0.4,-1.1,,,,,,,,,,,,,,,,,,,,,,,,,,,
2021-01-02 15:15:00,98375.0,105.0,0.0,105.0,94.25,-0.3,-1.1,0.0,0.0,0.0,0.0,0.0,0.15,0.15,0.15,0.15,0.15,1.0,1.0,1.0,1.0,1.0,2.0,2.0,2.0,2.0,0.0,21370.593692022267,23.040057016088326,24.30429522183283,25.7179032930037,23.61609098232492,20.389339409888407,810262181.949424
2021-01-02 15:20:00,98366.66666666667,99.33333333333333,0.0,99.33333333333333,93.66666666666667,-0.2,-1.1,,,,,,,,,,,,,,,,,,,,,,,,,,,
2021-01-02 15:25:00,98358.33333333333,93.66666666666666,0.0,93.66666666666666,93.08333333333333,-0.10000000000000003,-1.1,,,,,,,,,,,,,,,,,,,,,,,,,,,
2021-01-02 15:30:00,98350.0,88.0,0.0,88.0,92.5,0.0,-1.1,0.0,0.0,0.0,0.0,0.0,0.15,0.15,0.15,0.15,0.15,1.0,1.0,1.0,1.0,1.0,2.0,2.0,0.0,2.0,2.0,21370.593692022263,25.581109240004935,26.31938377397472,23.225976257512002,25.412933850234538,21.50969993662244,829495716.2722445
2021-01-02 15:35:00,98341.66666666667,82.33333333333333,0.0,82.33333333333333,91.91666666666667,0.09999999999999998,-1.1,,,,,,,,,,,,,,,,,,,,,,,,,,,
2021-01-02 15:40:00,98333.33333333333,76.66666666666666,0.0,76.66666666666666,91.33333333333333,0.19999999999999996,-1.1,,,,,,,,,,,,,,,,,,,,,,,,,,,
2021-01-02 15:45:00,98325.0,71.0,0.0,71.0,90.75,0.29999999999999993,-1.1,0.0,0.0,0.0,0.0,0.0,0.15,0.15,0.15,0.15,0.15,1.0,1.0,1.0,1.0,1.0,0.0,0.0,1.0,0.0,2.0,10006.9573283859,22.869372636254923,23.707097264703805,21.763878952086998,23.127101709615886,24.5020511999698,839183796.0496106
2021-01-02 15:50:00,98316.66666666667,65.33333333333333,0.0,65.33333333333333,90.16666666666667,0.3999999999999999,-1.1,,,,,,,,,,,,,,,,,,,,,,,,,,,
2021-01-02 15:55:00,98308.33333333333,59.666666666666664,0.0,59.666666666666664,89.58333333333333,0.4999999999999999,-1.1,,,,,,,,,,,,,,,,,,,,,,,,,,,
2021-01-02 16:00:00,98300.0,54.0,0.0,54.0,89.0,0.6,-1.1,0.0,0.0,0.0,0.0,0.0,0.15,0.15,0.15,0.15,0.15,1.0,1.0,1.0,1.0,1.0,2.0,0.0,2.0,1.0,0.0,14552.411873840447,23.16149367703366,19.948640706503113,23.960103358352114,21.685050104214667,23.018304911864504,852008239.4633443
2021-01-02 16:05:00,98300.0,50.333333333333336,0.0,50.333333333333336,89.25,0.6,-1.0583333333333333,,,,,,,,,,,,,,,,,,,,,,,,,,,
2021-01-02 16:10:00,98300.0,46.666666666666664,0.0,46.666666666666664,89.5,0.6,-1.0166666666666668,,,,,,,,,,,,,,,,,,,,,,,,,,,
2021-01-02 16:15:00,98300.0,43.0,0.0,43.0,89.75,0.6,-0.9750000000000001,0.0,0.0,0.0,0.0,0.0,0.15,0.15,0.15,0.15,0.15,1.0,1.0,1.0,1.0,1.0,2.0,2.0,2.0,2.0,1.0,23643.32096474954,25.705574408769678,21.744533351934535,25.826537872334313,23.696382883379158,21.89952389862765,872741773.7861621
2021-01-02 16:20:00,98300.0,39.333333333333336,0.0,39.333333333333336,90.0,0.6,-0.9333333333333333,,,,,,,,,,,,,,,,,,,,,,,,,,,
2021-01-02 16:25:00,98300.0,35.66666666666667,0.0,35.66666666666667,90.25,0.6,-0.8916666666666667,,,,,,,,,,,,,,,,,,,,,,,,,,,
2021-01-02 16:30:00,98300.0,32.0,0.0,32.0,90.5,0.6,-0.8500000000000001,0.0,0.0,0.0,0.0,0.0,0.15,0.15,0.15,0.15,0.15,1.0,1.0,1.0,1.0,1.0,0.0,2.0,0.0,2.0,2.0,16825.13914656772,22.948837307331075,25.106745159735908,23.32794741133307,25.48273562206606,23.950317127978792,888293489.9271605
2021-01-02 16:35:00,98300.0,28.333333333333336,0.0,28.333333333333336,90.75,0.6,-0.8083333333333333,,,,,,,,,,,,,,,,,,,,,,,,,,,
2021-01-02 16:40:00,98300.0,24.666666666666668,0.0,24.666666666666668,91.0,0.6,-0.7666666666666666,,,,,,,,,,,,,,,,,,,,,,,,,,,
2021-01-02 16:45:00,98300.0,21.0,0.0,21.0,91.25,0.6,-0.725,0.0,0.0,0.0,0.0,0.0,0.15,0.15,0.15,0.15,0.15,1.0,1.0,1.0,1.0,1.0,2.0,0.0,1.0,0.0,2.0,14552.411873840447,23.182534077474088,23.017232573812578,21.8357475678215,23.1502036610284,25.802307587673056,901527024.2499782
2021-01-02 16:50:00,98300.0,17.333333333333336,0.0,17.333333333333336,91.5,0.6,-0.6833333333333333,,,,,,,,,,,,,,,,,,,,,,,,,,,
2021-01-02 16:55:00,98300.0,13.666666666666671,0.0,13.666666666666671,91.75,0.6,-0.6416666666666666,,,,,,,,,,,,,,,,,,,,,,,,,,,
2021-01-02 17:00:00,98300.0,10.0,0.0,10.0,92.0,0.6,-0.6,0.0,0.0,0.0,0.0,0.0,0.15,0.15,0.15,0.15,0.15,1.0,1.0,1.0,1.0,1.0,2.0,1.0,2.0,1.0,0.0,16825.13914656772,25.65050425195102,21.819183158471958,23.94408468713175,21.651223973426056,23.71321095126882,916533285.8455284
2021-01-02 17:05:00,98300.0,9.166666666666666,0.0,9.166666666666666,92.66666666666667,0.5,-0.6,,,,,,,,,,,,,,,,,,,,,,,,,,,
2021-01-02 17:10:00,98300.0,8.333333333333334,0.0,8.333333333333334,93.33333333333333,0.4,-0.6,,,,,,,,,,,,,,,,,,,,,,,,,,,
2021-01-02 17:15:00,98300.0,7.5,0.0,7.5,94.0,0.3,-0.6,0.0,0.0,0.0,0.0,0.0,0.15,0.15,0.15,0.15,0.15,1.0,1.0,1.0,1.0,1.0,0.0,2.0,2.0,2.0,0.0,16825.13914656772,22.83799543303104,24.26884955605874,25.72862743798902,23.589049895901724,20.283676475472816,931675911.0774405
2021-01-02 17:20:00,98300.0,6.666666666666666,0.0,6.666666666666666,94.66666666666667,0.2,-0.6,,,,,,,,,,,,,,,,,,,,,,,,,,,
2021-01-02 17:25:00,98300.0,5.833333333333333,0.0,5.833333333333333,95.33333333333333,0.10000000000000003,-0.6,,,,,,,,,,,,,,,,,,,,,,,,,,,
2021-01-02 17:30:00,98300.0,5.0,0.0,5.0,96.0,0.0,-0.6,0.0,0.0,0.0,0.0,0.0,0.15,0.15,0.15,0.15,0.15,1.0,1.0,1.0,1.0,1.0,2.0,2.0,0.0,2.0,2.0,21370.593692022263,23.003244621285376,26.164385053364185,23.144246375294358,25.29209769401234,21.376804738492865,950636718.1275358
2021-01-02 17:35:00,98300.0,4.166666666666666,0.0,4.166666666666666,96.66666666666667,-0.09999999999999998,-0.6,,,,,,,,,,,,,,,,,,,,,,,,,,,
2021-01-02 17:40:00,98300.0,3.333333333333333,0.0,3.333333333333333,97.33333333333333,-0.19999999999999996,-0.6,,,,,,,,,,,,,,,,,,,,,,,,,,,
2021-01-02 17:45:00,98300.0,2.5,0.0,2.5,98.0,-0.29999999999999993,-0.6,0.0,0.0,0.0,0.0,0.0,0.15,0.15,0.15,0.15,0.15,1.0,1.0,1.0,1.0,1.0,2.0,0.0,1.0,0.0,2.0,14552.411873840447,25.32023045630274,23.204309689339482,21.50242169244592,22.792292375606905,24.087483536324385,964084888.8139894
2021-01-02 17:50:00,98300.0,1.666666666666666,0.0,1.666666666666666,98.66666666666667,-0.3999999999999999,-0.6,,,,,,,,,,,,,,,,,,,,,,,,,,,
2021-01-02 17:55:00,98300.0,0.8333333333333321,0.0,0.8333333333333321,99.33333333333333,-0.4999999999999999,-0.6,,,,,,,,,,,,,,,,,,,,,,,,,,,
2021-01-02 18:00:00,98300.0,0.0,0.0,0.0,100.0,-0.6,-0.6,0.0,0.0,0.0,0.0,0.0,0.15,0.15,0.15,0.15,0.15,1.0,1.0,1.0,1.0,1.0,0.0,1.0,2.0,2.0,2.0,19097.86641929499,22.410170034937607,21.49741218758419,23.47974306326506,22.556933917370316,25.46326080573948,981000241.3186227
2021-01-02 18:05:00,98283.33333333333,0.0,0.0,0.0,99.33333333333333,-0.5,-0.6,,,,,,,,,,,,,,,,,,,,,,,,,,,
2021-01-02 18:10:00,98266.66666666667,0.0,0.0,0.0,98.66666666666667,-0.4,-0.6,,,,,,,,,,,,,,,,,,,,,,,,,,,
2021-01-02 18:15:00,98250.0,0.0,0.0,0.0,98.0,-0.3,-0.6,0.0,0.0,0.0,0.0,0.0,0.15,0.15,0.15,0.15,0.15,1.0,1.0,1.0,1.0,1.0,2.0,2.0,2.0,2.0,0.0,21370.593692022267,22.556457231938396,23.710196650899093,25.2448711233352,24.66895009989736,23.151442256274265,1000097412.0050797
2021-01-02 18:20:00,98233.33333333333,0.0,0.0,0.0,97.33333333333333,-0.2,-0.6,,,,,,,,,,,,,,,,,,,,,,,,,,,
2021-01-02 18:25:00,98216.66666666667,0.0,0.0,0.0,96.66666666666667,-0.10000000000000003,-0.6,,,,,,,,,,,,,,,,,,,,,,,,,,,
2021-01-02 18:30:00,98200.0,0.0,0.0,0.0,96.0,0.0,-0.6,0.0,0.0,0.0,0.0,0.0,0.15,0.15,0.15,0.15,0.15,1.0,1.0,1.0,1.0,1.0,2.0,2.0,0.0,0.0,1.0,14552.411873840447,25.093061022181246,25.60285676167598,22.7396135349598,22.520497850205118,21.62348100648029,1013603673.6006308
2021-01-02 18:35:00,98183.33333333333,0.0,0.0,0.0,95.33333333333333,0.09999999999999998,-0.6,,,,,,,,,,,,,,,,,,,,,,,,,,,
2021-01-02 18:40:00,98166.66666666667,0.0,0.0,0.0,94.66666666666667,0.19999999999999996,-0.6,,,,,,,,,,,,,,,,,,,,,,,,,,,
2021-01-02 18:45:00,98150.0,0.0,0.0,0.0,94.0,0.29999999999999993,-0.6,0.0,0.0,0.0,0.0,0.0,0.15,0.15,0.15,0.15,0.15,1.0,1.0,1.0,1.0,1.0,0.0,0.0,2.0,2.0,2.0,16825.13914656772,22.40422105328821,22.939632234394992,22.723109826484517,22.499554102437116,23.498969098794248,1028609935.1961741
2021-01-02 18:50:00,98133.33333333333,0.0,0.0,0.0,93.33333333333333,0.3999999999999999,-0.6,,,,,,,,,,,,,,,,,,,,,,,,,,,
2021-01-02 18:55:00,98116.66666666667,0.0,0.0,0.0,92.66666666666667,0.4999999999999999,-0.6,,,,,,,,,,,,,,,,,,,,,,,,,,,
2021-01-02 19:00:00,98100.0,0.0,0.0,0.0,92.0,0.6,-0.6,0.0,0.0,0.0,0.0,0.0,0.15,0.15,0.15,0.15,0.15,1.0,1.0,1.0,1.0,1.0,2.0,2.0,2.0,2.0,2.0,25916.04823747681,22.727500026317955,23.048243342321314,25.063480430780658,24.780987861531855,25.317908533546415,1051388924.0644542
2021-01-02 19:05:00,98100.0,0.0,0.0,0.0,91.75,0.6416666666666666,-0.6,,,,,,,,,,,,,,,,,,,,,,,,,,,
2021-01-02 19:10:00,98100.0,0.0,0.0,0.0,91.5,0.6833333333333333,-0.6,,,,,,,,,,,,,,,,,,,,,,,,,,,
2021-01-02 19:15:00,98100.0,0.0,0.0,0.0,91.25,0.725,-0.6,0.0,0.0,0.0,0.0,0.0,0.15,0.15,0.15,0.15,0.15,0.0,0.0,0.0,0.0,0.0,0.0,0.0,0.0,0.0,0.0,0.0,21.03111321983465,21.484123596317772,22.55750205848443,22.45743508041909,23.058439206144214,1051389029.7925147
2021-01-02 19:20:00,98100.0,0.0,0.0,0.0,91.0,0.7666666666666667,-0.6,,,,,,,,,,,,,,,,,,,,,,,,,,,
2021-01-02 19:25:00,98100.0,0.0,0.0,0.0,90.75,0.8083333333333333,-0.6,,,,,,,,,,,,,,,,,,,,,,,,,,,
2021-01-02 19:30:00,98100.0,0.0,0.0,0.0,90.5,0.8500000000000001,-0.6,0.0,0.0,0.0,0.0,0.0,0.15,0.15,0.15,0.15,0.15,0.0,0.0,0.0,0.0,0.0,0.0,0.0,0.0,0.0,0.0,0.0,20.060810406056532,20.548717943172335,21.22583101872715,21.169561003344654,21.774807312250687,1051389029.7925147
2021-01-02 19:35:00,98100.0,0.0,0.0,0.0,90.25,0.8916666666666667,-0.6,,,,,,,,,,,,,,,,,,,,,,,,,,,
2021-01-02 19:40:00,98100.0,0.0,0.0,0.0,90.0,0.9333333333333333,-0.6,,,,,,,,,,,,,,,,,,,,,,,,,,,
2021-01-02 19:45:00,98100.0,0.0,0.0,0.0,89.75,0.9750000000000001,-0.6,0.0,0.0,0.0,0.0,0.0,0.15,0.15,0.15,0.15,0.15,0.0,0.0,0.0,0.0,0.0,0.0,0.0,0.0,0.0,0.0,0.0,19.454475499090847,19.922361315022158,20.349287517006132,20.308394646308898,20.911488826887535,1051389029.7925147
2021-01-02 19:50:00,98100.0,0.0,0.0,0.0,89.5,1.0166666666666668,-0.6,,,,,,,,,,,,,,,,,,,,,,,,,,,
2021-01-02 19:55:00,98100.0,0.0,0.0,0.0,89.25,1.0583333333333336,-0.6,,,,,,,,,,,,,,,,,,,,,,,,,,,
2021-01-02 20:00:00,98100.0,0.0,0.0,0.0,89.0,1.1,-0.6,0.0,0.0,0.0,0.0,0.0,0.15,0.15,0.15,0.15,0.15,0.0,0.0,0.0,0.0,0.0,0.0,0.0,0.0,0.0,0.0,0.0,19.07235358597751,19.512529282110563,19.724877765364738,19.673789869451525,20.266617384407027,1051389029.7925147
2021-01-02 20:05:00,98083.33333333333,0.0,0.0,0.0,89.0,1.1500000000000001,-0.5499999999999999,,,,,,,,,,,,,,,,,,,,,,,,,,,
2021-01-02 20:10:00,98066.66666666667,0.0,0.0,0.0,89.0,1.2000000000000002,-0.5,,,,,,,,,,,,,,,,,,,,,,,,,,,
2021-01-02 20:15:00,98050.0,0.0,0.0,0.0,89.0,1.25,-0.44999999999999996,0.0,0.0,0.0,0.0,0.0,0.15,0.15,0.15,0.15,0.15,0.0,0.0,0.0,0.0,0.0,0.0,0.0,0.0,0.0,0.0,0.0,18.81082197238692,19.23180027155331,19.296395676940676,19.22301366670638,19.78935611467182,1051389029.7925147
2021-01-02 20:20:00,98033.33333333333,0.0,0.0,0.0,89.0,1.3,-0.4,,,,,,,,,,,,,,,,,,,,,,,,,,,
2021-01-02 20:25:00,98016.66666666667,0.0,0.0,0.0,89.0,1.35,-0.35,,,,,,,,,,,,,,,,,,,,,,,,,,,
2021-01-02 20:30:00,98000.0,0.0,0.0,0.0,89.0,1.4,-0.3,0.0,0.0,0.0,0.0,0.0,0.15,0.15,0.15,0.15,0.15,0.0,0.0,0.0,0.0,0.0,0.0,0.0,0.0,0.0,0.0,0.0,18.617397077728185,19.02481902206017,18.993619396518568,18.899244989138765,19.441751789274463,1051389029.7925147
2021-01-02 20:35:00,97983.33333333333,0.0,0.0,0.0,89.0,1.45,-0.25,,,,,,,,,,,,,,,,,,,,,,,,,,,
2021-01-02 20:40:00,97966.66666666667,0.0,0.0,0.0,89.0,1.5,-0.2,,,,,,,,,,,,,,,,,,,,,,,,,,,
2021-01-02 20:45:00,97950.0,0.0,0.0,0.0,89.0,1.55,-0.15000000000000002,0.0,0.0,0.0,0.0,0.0,0.15,0.15,0.15,0.15,0.15,0.0,0.0,0.0,0.0,0.0,0.0,0.0,0.0,0.0,0.0,0.0,18.467487112240576,18.862096634152124,18.76802201681818,18.65749640097249,19.180913047902322,1051389029.7925147
2021-01-02 20:50:00,97933.33333333333,0.0,0.0,0.0,89.0,1.6,-0.10000000000000003,,,,,,,,,,,,,,,,,,,,,,,,,,,
2021-01-02 20:55:00,97916.66666666667,0.0,0.0,0.0,89.0,1.65,-0.050000000000000044,,,,,,,,,,,,,,,,,,,,,,,,,,,
2021-01-02 21:00:00,97900.0,0.0,0.0,0.0,89.0,1.7,0.0,0.0,0.0,0.0,0.0,0.0,0.15,0.15,0.15,0.15,0.15,0.0,0.0,0.0,0.0,0.0,0.0,0.0,0.0,0.0,0.0,0.0,18.346007845495024,18.731715466391165,18.591641732255823,18.469432882905494,18.979291103993035,1051389029.7925147
2021-01-02 21:05:00,97900.0,0.0,0.0,0.0,89.0,1.7416666666666667,0.049999999999999996,,,,,,,,,,,,,,,,,,,,,,,,,,,
2021-01-02 21:10:00,97900.0,0.0,0.0,0.0,89.0,1.7833333333333332,0.09999999999999999,,,,,,,,,,,,,,,,,,,,,,,,,,,
2021-01-02 21:15:00,97900.0,0.0,0.0,0.0,89.0,1.825,0.15,0.0,0.0,0.0,0.0,0.0,0.15,0.15,0.15,0.15,0.15,0.0,0.0,0.0,0.0,0.0,0.0,0.0,0.0,0.0,0.0,0.0,18.244078235417703,18.62377432165573,18.450090532644253,18.317692072867317,18.818154574748746,1051389029.7925147
2021-01-02 21:20:00,97900.0,0.0,0.0,0.0,89.0,1.8666666666666667,0.19999999999999998,,,,,,,,,,,,,,,,,,,,,,,,,,,
2021-01-02 21:25:00,97900.0,0.0,0.0,0.0,89.0,1.9083333333333334,0.24999999999999997,,,,,,,,,,,,,,,,,,,,,,,,,,,
2021-01-02 21:30:00,97900.0,0.0,0.0,0.0,89.0,1.9500000000000002,0.3,0.0,0.0,0.0,0.0,0.0,0.15,0.15,0.15,0.15,0.15,0.0,0.0,0.0,0.0,0.0,0.0,0.0,0.0,0.0,0.0,0.0,18.157483573887646,18.533143716583993,18.334339909351513,18.19358622441763,18.686140743891087,1051389029.7925147
2021-01-02 21:35:00,97900.0,0.0,0.0,0.0,89.0,1.9916666666666667,0.35,,,,,,,,,,,,,,,,,,,,,,,,,,,
2021-01-02 21:40:00,97900.0,0.0,0.0,0.0,89.0,2.033333333333333,0.39999999999999997,,,,,,,,,,,,,,,,,,,,,,,,,,,
2021-01-02 21:45:00,97900.0,0.0,0.0,0.0,89.0,2.075,0.44999999999999996,0.0,0.0,0.0,0.0,0.0,0.15,0.15,0.15,0.15,0.15,0.0,0.0,0.0,0.0,0.0,0.0,0.0,0.0,0.0,0.0,0.0,18.083293451473708,18.454629934452043,18.23794400491488,18.09083648740102,18.576914823349114,1051389029.7925147
2021-01-02 21:50:00,97900.0,0.0,0.0,0.0,89.0,2.1166666666666667,0.49999999999999994,,,,,,,,,,,,,,,,,,,,,,,,,,,
2021-01-02 21:55:00,97900.0,0.0,0.0,0.0,89.0,2.1583333333333337,0.5499999999999999,,,,,,,,,,,,,,,,,,,,,,,,,,,
2021-01-02 22:00:00,97900.0,0.0,0.0,0.0,89.0,2.2,0.6,0.0,0.0,0.0,0.0,0.0,0.15,0.15,0.15,0.15,0.15,0.0,0.0,0.0,0.0,0.0,0.0,0.0,0.0,0.0,0.0,0.0,18.019198576703786,18.38888614123391,18.15668325863959,18.004746663249136,18.48586048980627,1051389029.7925147
2021-01-02 22:05:00,97891.66666666667,0.0,0.0,0.0,89.58333333333333,2.0166666666666666,0.5,,,,,,,,,,,,,,,,,,,,,,,,,,,
2021-01-02 22:10:00,97883.33333333333,0.0,0.0,0.0,90.16666666666667,1.8333333333333335,0.4,,,,,,,,,,,,,,,,,,,,,,,,,,,
2021-01-02 22:15:00,97875.0,0.0,0.0,0.0,90.75,1.6500000000000001,0.3,0.0,0.0,0.0,0.0,0.0,0.15,0.15,0.15,0.15,0.15,0.0,0.0,0.0,0.0,0.0,0.0,0.0,0.0,0.0,0.0,0.0,17.961324286166132,18.329486374541943,18.0854760655817,17.929682402989727,18.407796703771112,1051389029.7925147
2021-01-02 22:20:00,97866.66666666667,0.0,0.0,0.0,91.33333333333333,1.4666666666666668,0.2,,,,,,,,,,,,,,,,,,,,,,,,,,,
2021-01-02 22:25:00,97858.33333333333,0.0,0.0,0.0,91.91666666666667,1.2833333333333334,0.10000000000000003,,,,,,,,,,,,,,,,,,,,,,,,,,,
2021-01-02 22:30:00,97850.0,0.0,0.0,0.0,92.5,1.1,0.0,0.0,0.0,0.0,0.0,0.0,0.15,0.15,0.15,0.15,0.15,0.0,0.0,0.0,0.0,0.0,0.0,0.0,0.0,0.0,0.0,0.0,17.901350626070553,18.26931199742785,18.016373373969316,17.85749135960714,18.33374014648092,1051389029.7925147
2021-01-02 22:35:00,97841.66666666667,0.0,0.0,0.0,93.08333333333333,0.9166666666666667,-0.09999999999999998,,,,,,,,,,,,,,,,,,,,,,,,,,,
2021-01-02 22:40:00,97833.33333333333,0.0,0.0,0.0,93.66666666666667,0.7333333333333334,-0.19999999999999996,,,,,,,,,,,,,,,,,,,,,,,,,,,
2021-01-02 22:45:00,97825.0,0.0,0.0,0.0,94.25,0.55,-0.29999999999999993,0.0,0.0,0.0,0.0,0.0,0.15,0.15,0.15,0.15,0.15,0.0,0.0,0.0,0.0,0.0,0.0,0.0,0.0,0.0,0.0,0.0,17.841144503327257,18.210830530372903,17.949190188537045,17.788229051884514,18.263696319749045,1051389029.7925147
2021-01-02 22:50:00,97816.66666666667,0.0,0.0,0.0,94.83333333333333,0.3666666666666667,-0.3999999999999999,,,,,,,,,,,,,,,,,,,,,,,,,,,
2021-01-02 22:55:00,97808.33333333333,0.0,0.0,0.0,95.41666666666667,0.18333333333333357,-0.4999999999999999,,,,,,,,,,,,,,,,,,,,,,,,,,,
2021-01-02 23:00:00,97800.0,0.0,0.0,0.0,96.0,0.0,-0.6,0.0,0.0,0.0,0.0,0.0,0.15,0.15,0.15,0.15,0.15,0.0,0.0,0.0,0.0,0.0,0.0,0.0,0.0,0.0,0.0,0.0,17.79182883292242,18.16133632054408,17.893165765014828,17.729604283853007,18.204735642453215,1051389029.7925147
2021-01-02 23:05:00,97800.0,0.0,0.0,0.0,96.0,0.0,-0.6,,,,,,,,,,,,,,,,,,,,,,,,,,,
2021-01-02 23:10:00,97800.0,0.0,0.0,0.0,96.0,0.0,-0.6,,,,,,,,,,,,,,,,,,,,,,,,,,,
2021-01-02 23:15:00,97800.0,0.0,0.0,0.0,96.0,0.0,-0.6,0.0,0.0,0.0,0.0,0.0,0.15,0.15,0.15,0.15,0.15,0.0,0.0,0.0,0.0,0.0,0.0,0.0,0.0,0.0,0.0,0.0,17.747994358508095,18.11869696183544,17.843582277586904,17.677982121465334,18.152384195726995,1051389029.7925147
2021-01-02 23:20:00,97800.0,0.0,0.0,0.0,96.0,0.0,-0.6,,,,,,,,,,,,,,,,,,,,,,,,,,,
2021-01-02 23:25:00,97800.0,0.0,0.0,0.0,96.0,0.0,-0.6,,,,,,,,,,,,,,,,,,,,,,,,,,,
2021-01-02 23:30:00,97800.0,0.0,0.0,0.0,96.0,0.0,-0.6,0.0,0.0,0.0,0.0,0.0,0.15,0.15,0.15,0.15,0.15,0.0,0.0,0.0,0.0,0.0,0.0,0.0,0.0,0.0,0.0,0.0,17.68221936830986,18.055524851450343,17.77684041402938,17.61078686202137,18.0858927650782,1051389029.7925147
2021-01-02 23:35:00,97800.0,0.0,0.0,0.0,96.0,0.0,-0.6,,,,,,,,,,,,,,,,,,,,,,,,,,,
2021-01-02 23:40:00,97800.0,0.0,0.0,0.0,96.0,0.0,-0.6,,,,,,,,,,,,,,,,,,,,,,,,,,,
2021-01-02 23:45:00,97800.0,0.0,0.0,0.0,96.0,0.0,-0.6,0.0,0.0,0.0,0.0,0.0,0.15,0.15,0.15,0.15,0.15,0.0,0.0,0.0,0.0,0.0,0.0,0.0,0.0,0.0,0.0,0.0,17.59093050143059,17.96697926301613,17.687371506591603,17.5228157319803,17.999860535296364,1051389029.7925147
2021-01-02 23:50:00,97800.0,0.0,0.0,0.0,96.0,0.0,-0.6,,,,,,,,,,,,,,,,,,,,,,,,,,,
2021-01-02 23:55:00,97800.0,0.0,0.0,0.0,96.0,0.0,-0.6,,,,,,,,,,,,,,,,,,,,,,,,,,,
2021-01-03 00:00:00,97800.0,0.0,0.0,0.0,96.0,0.0,-0.6,0.0,0.0,0.0,0.0,0.0,0.15,0.15,0.15,0.15,0.15,0.0,0.0,0.0,0.0,0.0,0.0,0.0,0.0,0.0,0.0,0.0,17.4926464850019,17.870037460875437,17.590124068547937,17.426827197348587,17.905028209760417,1051389029.7925147
2021-01-03 00:05:00,97808.33333333333,0.0,0.0,0.0,96.0,0.0,-0.6,,,,,,,,,,,,,,,,,,,,,,,,,,,
2021-01-03 00:10:00,97816.66666666667,0.0,0.0,0.0,96.0,0.0,-0.6,,,,,,,,,,,,,,,,,,,,,,,,,,,
2021-01-03 00:15:00,97825.0,0.0,0.0,0.0,96.0,0.0,-0.6,,,,,,,,,,,,,,,,,,,,,,,,,,,
2021-01-03 00:20:00,97833.33333333333,0.0,0.0,0.0,96.0,0.0,-0.6,,,,,,,,,,,,,,,,,,,,,,,,,,,
2021-01-03 00:25:00,97841.66666666667,0.0,0.0,0.0,96.0,0.0,-0.6,,,,,,,,,,,,,,,,,,,,,,,,,,,
2021-01-03 00:30:00,97850.0,0.0,0.0,0.0,96.0,0.0,-0.6,,,,,,,,,,,,,,,,,,,,,,,,,,,
2021-01-03 00:35:00,97858.33333333333,0.0,0.0,0.0,96.0,0.0,-0.6,,,,,,,,,,,,,,,,,,,,,,,,,,,
2021-01-03 00:40:00,97866.66666666667,0.0,0.0,0.0,96.0,0.0,-0.6,,,,,,,,,,,,,,,,,,,,,,,,,,,
2021-01-03 00:45:00,97875.0,0.0,0.0,0.0,96.0,0.0,-0.6,,,,,,,,,,,,,,,,,,,,,,,,,,,
2021-01-03 00:50:00,97883.33333333333,0.0,0.0,0.0,96.0,0.0,-0.6,,,,,,,,,,,,,,,,,,,,,,,,,,,
2021-01-03 00:55:00,97891.66666666667,0.0,0.0,0.0,96.0,0.0,-0.6,,,,,,,,,,,,,,,,,,,,,,,,,,,
2021-01-03 01:00:00,97900.0,0.0,0.0,0.0,96.0,0.0,-0.6,,,,,,,,,,,,,,,,,,,,,,,,,,,
2021-01-03 01:05:00,97916.66666666667,0.0,0.0,0.0,96.0,0.0,-0.6,,,,,,,,,,,,,,,,,,,,,,,,,,,
2021-01-03 01:10:00,97933.33333333333,0.0,0.0,0.0,96.0,0.0,-0.6,,,,,,,,,,,,,,,,,,,,,,,,,,,
2021-01-03 01:15:00,97950.0,0.0,0.0,0.0,96.0,0.0,-0.6,,,,,,,,,,,,,,,,,,,,,,,,,,,
2021-01-03 01:20:00,97966.66666666667,0.0,0.0,0.0,96.0,0.0,-0.6,,,,,,,,,,,,,,,,,,,,,,,,,,,
2021-01-03 01:25:00,97983.33333333333,0.0,0.0,0.0,96.0,0.0,-0.6,,,,,,,,,,,,,,,,,,,,,,,,,,,
2021-01-03 01:30:00,98000.0,0.0,0.0,0.0,96.0,0.0,-0.6,,,,,,,,,,,,,,,,,,,,,,,,,,,
2021-01-03 01:35:00,98016.66666666667,0.0,0.0,0.0,96.0,0.0,-0.6,,,,,,,,,,,,,,,,,,,,,,,,,,,
2021-01-03 01:40:00,98033.33333333333,0.0,0.0,0.0,96.0,0.0,-0.6,,,,,,,,,,,,,,,,,,,,,,,,,,,
2021-01-03 01:45:00,98050.0,0.0,0.0,0.0,96.0,0.0,-0.6,,,,,,,,,,,,,,,,,,,,,,,,,,,
2021-01-03 01:50:00,98066.66666666667,0.0,0.0,0.0,96.0,0.0,-0.6,,,,,,,,,,,,,,,,,,,,,,,,,,,
2021-01-03 01:55:00,98083.33333333333,0.0,0.0,0.0,96.0,0.0,-0.6,,,,,,,,,,,,,,,,,,,,,,,,,,,
2021-01-03 02:00:00,98100.0,0.0,0.0,0.0,96.0,0.0,-0.6,,,,,,,,,,,,,,,,,,,,,,,,,,,
2021-01-03 02:05:00,98116.66666666667,0.0,0.0,0.0,95.66666666666667,0.049999999999999996,-0.6,,,,,,,,,,,,,,,,,,,,,,,,,,,
2021-01-03 02:10:00,98133.33333333333,0.0,0.0,0.0,95.33333333333333,0.09999999999999999,-0.6,,,,,,,,,,,,,,,,,,,,,,,,,,,
2021-01-03 02:15:00,98150.0,0.0,0.0,0.0,95.0,0.15,-0.6,,,,,,,,,,,,,,,,,,,,,,,,,,,
2021-01-03 02:20:00,98166.66666666667,0.0,0.0,0.0,94.66666666666667,0.19999999999999998,-0.6,,,,,,,,,,,,,,,,,,,,,,,,,,,
2021-01-03 02:25:00,98183.33333333333,0.0,0.0,0.0,94.33333333333333,0.24999999999999997,-0.6,,,,,,,,,,,,,,,,,,,,,,,,,,,
2021-01-03 02:30:00,98200.0,0.0,0.0,0.0,94.0,0.3,-0.6,,,,,,,,,,,,,,,,,,,,,,,,,,,
2021-01-03 02:35:00,98216.66666666667,0.0,0.0,0.0,93.66666666666667,0.35,-0.6,,,,,,,,,,,,,,,,,,,,,,,,,,,
2021-01-03 02:40:00,98233.33333333333,0.0,0.0,0.0,93.33333333333333,0.39999999999999997,-0.6,,,,,,,,,,,,,,,,,,,,,,,,,,,
2021-01-03 02:45:00,98250.0,0.0,0.0,0.0,93.0,0.44999999999999996,-0.6,,,,,,,,,,,,,,,,,,,,,,,,,,,
2021-01-03 02:50:00,98266.66666666667,0.0,0.0,0.0,92.66666666666667,0.49999999999999994,-0.6,,,,,,,,,,,,,,,,,,,,,,,,,,,
2021-01-03 02:55:00,98283.33333333333,0.0,0.0,0.0,92.33333333333333,0.5499999999999999,-0.6,,,,,,,,,,,,,,,,,,,,,,,,,,,
2021-01-03 03:00:00,98300.0,0.0,0.0,0.0,92.0,0.6,-0.6,,,,,,,,,,,,,,,,,,,,,,,,,,,
2021-01-03 03:05:00,98308.33333333333,0.0,0.0,0.0,91.75,0.5499999999999999,-0.6916666666666667,,,,,,,,,,,,,,,,,,,,,,,,,,,
2021-01-03 03:10:00,98316.66666666667,0.0,0.0,0.0,91.5,0.5,-0.7833333333333333,,,,,,,,,,,,,,,,,,,,,,,,,,,
2021-01-03 03:15:00,98325.0,0.0,0.0,0.0,91.25,0.44999999999999996,-0.875,,,,,,,,,,,,,,,,,,,,,,,,,,,
2021-01-03 03:20:00,98333.33333333333,0.0,0.0,0.0,91.0,0.4,-0.9666666666666667,,,,,,,,,,,,,,,,,,,,,,,,,,,
2021-01-03 03:25:00,98341.66666666667,0.0,0.0,0.0,90.75,0.35,-1.0583333333333333,,,,,,,,,,,,,,,,,,,,,,,,,,,
2021-01-03 03:30:00,98350.0,0.0,0.0,0.0,90.5,0.3,-1.15,,,,,,,,,,,,,,,,,,,,,,,,,,,
2021-01-03 03:35:00,98358.33333333333,0.0,0.0,0.0,90.25,0.25,-1.2416666666666667,,,,,,,,,,,,,,,,,,,,,,,,,,,
2021-01-03 03:40:00,98366.66666666667,0.0,0.0,0.0,90.0,0.2,-1.3333333333333335,,,,,,,,,,,,,,,,,,,,,,,,,,,
2021-01-03 03:45:00,98375.0,0.0,0.0,0.0,89.75,0.15000000000000002,-1.425,,,,,,,,,,,,,,,,,,,,,,,,,,,
2021-01-03 03:50:00,98383.33333333333,0.0,0.0,0.0,89.5,0.10000000000000003,-1.5166666666666666,,,,,,,,,,,,,,,,,,,,,,,,,,,
2021-01-03 03:55:00,98391.66666666667,0.0,0.0,0.0,89.25,0.050000000000000044,-1.6083333333333334,,,,,,,,,,,,,,,,,,,,,,,,,,,
2021-01-03 04:00:00,98400.0,0.0,0.0,0.0,89.0,0.0,-1.7,,,,,,,,,,,,,,,,,,,,,,,,,,,
2021-01-03 04:05:00,98416.66666666667,0.0,0.0,0.0,88.66666666666667,-0.09166666666666667,-1.8333333333333333,,,,,,,,,,,,,,,,,,,,,,,,,,,
2021-01-03 04:10:00,98433.33333333333,0.0,0.0,0.0,88.33333333333333,-0.18333333333333335,-1.9666666666666666,,,,,,,,,,,,,,,,,,,,,,,,,,,
2021-01-03 04:15:00,98450.0,0.0,0.0,0.0,88.0,-0.275,-2.1,,,,,,,,,,,,,,,,,,,,,,,,,,,
2021-01-03 04:20:00,98466.66666666667,0.0,0.0,0.0,87.66666666666667,-0.3666666666666667,-2.2333333333333334,,,,,,,,,,,,,,,,,,,,,,,,,,,
2021-01-03 04:25:00,98483.33333333333,0.0,0.0,0.0,87.33333333333333,-0.45833333333333337,-2.3666666666666667,,,,,,,,,,,,,,,,,,,,,,,,,,,
2021-01-03 04:30:00,98500.0,0.0,0.0,0.0,87.0,-0.55,-2.5,,,,,,,,,,,,,,,,,,,,,,,,,,,
2021-01-03 04:35:00,98516.66666666667,0.0,0.0,0.0,86.66666666666667,-0.6416666666666667,-2.6333333333333333,,,,,,,,,,,,,,,,,,,,,,,,,,,
2021-01-03 04:40:00,98533.33333333333,0.0,0.0,0.0,86.33333333333333,-0.7333333333333334,-2.7666666666666666,,,,,,,,,,,,,,,,,,,,,,,,,,,
2021-01-03 04:45:00,98550.0,0.0,0.0,0.0,86.0,-0.8250000000000001,-2.9,,,,,,,,,,,,,,,,,,,,,,,,,,,
2021-01-03 04:50:00,98566.66666666667,0.0,0.0,0.0,85.66666666666667,-0.9166666666666667,-3.033333333333333,,,,,,,,,,,,,,,,,,,,,,,,,,,
2021-01-03 04:55:00,98583.33333333333,0.0,0.0,0.0,85.33333333333333,-1.0083333333333333,-3.1666666666666665,,,,,,,,,,,,,,,,,,,,,,,,,,,
2021-01-03 05:00:00,98600.0,0.0,0.0,0.0,85.0,-1.1,-3.3,,,,,,,,,,,,,,,,,,,,,,,,,,,
2021-01-03 05:05:00,98616.66666666667,0.0,0.0,0.0,85.0,-1.1916666666666669,-3.3916666666666666,,,,,,,,,,,,,,,,,,,,,,,,,,,
2021-01-03 05:10:00,98633.33333333333,0.0,0.0,0.0,85.0,-1.2833333333333334,-3.4833333333333334,,,,,,,,,,,,,,,,,,,,,,,,,,,
2021-01-03 05:15:00,98650.0,0.0,0.0,0.0,85.0,-1.375,-3.575,,,,,,,,,,,,,,,,,,,,,,,,,,,
2021-01-03 05:20:00,98666.66666666667,0.0,0.0,0.0,85.0,-1.4666666666666668,-3.6666666666666665,,,,,,,,,,,,,,,,,,,,,,,,,,,
2021-01-03 05:25:00,98683.33333333333,0.0,0.0,0.0,85.0,-1.5583333333333336,-3.7583333333333333,,,,,,,,,,,,,,,,,,,,,,,,,,,
2021-01-03 05:30:00,98700.0,0.0,0.0,0.0,85.0,-1.6500000000000001,-3.85,,,,,,,,,,,,,,,,,,,,,,,,,,,
2021-01-03 05:35:00,98716.66666666667,0.0,0.0,0.0,85.0,-1.7416666666666667,-3.941666666666667,,,,,,,,,,,,,,,,,,,,,,,,,,,
2021-01-03 05:40:00,98733.33333333333,0.0,0.0,0.0,85.0,-1.8333333333333335,-4.033333333333333,,,,,,,,,,,,,,,,,,,,,,,,,,,
2021-01-03 05:45:00,98750.0,0.0,0.0,0.0,85.0,-1.9250000000000003,-4.125,,,,,,,,,,,,,,,,,,,,,,,,,,,
2021-01-03 05:50:00,98766.66666666667,0.0,0.0,0.0,85.0,-2.0166666666666666,-4.216666666666667,,,,,,,,,,,,,,,,,,,,,,,,,,,
2021-01-03 05:55:00,98783.33333333333,0.0,0.0,0.0,85.0,-2.1083333333333334,-4.308333333333334,,,,,,,,,,,,,,,,,,,,,,,,,,,
2021-01-03 06:00:00,98800.0,0.0,0.0,0.0,85.0,-2.2,-4.4,,,,,,,,,,,,,,,,,,,,,,,,,,,
